{
  "CALCE_CS2_35": {
    "battery_id": "CALCE_CS2_35",
    "r0_ohm": 0.0931989923119545,
    "r1_ohm": 0.13979848846793175,
    "c1_farad": 1060.4993584133792,
    "tau_s": 148.25620732740182,
    "rated_capacity_ah": 1.1,
    "ocv_coeffs": [
      -75.02118661831454,
      251.8203215873853,
      -330.09283404351123,
      213.4292661768229,
      -70.18274875811345,
      11.154395859252011,
      2.866852015262045
    ],
    "ocv_degree": 6,
    "r0_initial": 0.0931989923119545,
    "r0_slope": 7.730455140254068e-05,
    "r1_initial": 0.13979848846793175,
    "r1_slope": 0.00011595682710381102,
    "capacity_initial": 1.0323902264655087,
    "capacity_slope": 0.002509042341472417,
    "temp_ref_c": 24.0,
    "temp_coeff": 0.02
  },
  "CALCE_CS2_36": {
    "battery_id": "CALCE_CS2_36",
    "r0_ohm": 0.0883043110370636,
    "r1_ohm": 0.1324564665555954,
    "c1_farad": 1114.3451741712452,
    "tau_s": 147.60222429400267,
    "rated_capacity_ah": 1.1,
    "ocv_coeffs": [
      -80.19797038284447,
      269.5698778285356,
      -354.0255274714115,
      229.45428103244925,
      -75.70142543848003,
      12.061408245237105,
      2.81872210066509
    ],
    "ocv_degree": 6,
    "r0_initial": 0.0883043110370636,
    "r0_slope": -2.9667712309781602e-05,
    "r1_initial": 0.1324564665555954,
    "r1_slope": -4.45015684646724e-05,
    "capacity_initial": 1.0372500974133008,
    "capacity_slope": 3.7801272775396156e-05,
    "temp_ref_c": 24.0,
    "temp_coeff": 0.02
  },
  "CALCE_CS2_37": {
    "battery_id": "CALCE_CS2_37",
    "r0_ohm": 0.08942928910255432,
    "r1_ohm": 0.13414393365383148,
    "c1_farad": 1102.596246809661,
    "tau_s": 147.90659777899876,
    "rated_capacity_ah": 1.1,
    "ocv_coeffs": [
      -79.99483755918197,
      267.9891864023793,
      -350.31635378497145,
      225.5665825403448,
      -73.70292434713743,
      11.56501251037112,
      2.8687743088743143
    ],
    "ocv_degree": 6,
    "r0_initial": 0.08942928910255432,
    "r0_slope": 1.7070314169428012e-05,
    "r1_initial": 0.13414393365383148,
    "r1_slope": 2.560547125414202e-05,
    "capacity_initial": 1.0031406216136043,
    "capacity_slope": -1.5088857171202851e-05,
    "temp_ref_c": 24.0,
    "temp_coeff": 0.02
  },
  "CALCE_CS2_38": {
    "battery_id": "CALCE_CS2_38",
    "r0_ohm": 0.09329613298177719,
    "r1_ohm": 0.1399441994726658,
    "c1_farad": 1054.7946281147936,
    "tau_s": 147.612389839593,
    "rated_capacity_ah": 1.1,
    "ocv_coeffs": [
      -80.06939454371732,
      268.7332310261763,
      -352.2061567135245,
      227.6486532133454,
      -74.81299709483541,
      11.845753248482042,
      2.832729234197042
    ],
    "ocv_degree": 6,
    "r0_initial": 0.09329613298177719,
    "r0_slope": 0.0003090821971933293,
    "r1_initial": 0.1399441994726658,
    "r1_slope": 0.00046362329578999393,
    "capacity_initial": 1.0008252225031495,
    "capacity_slope": 0.0008436717652804025,
    "temp_ref_c": 24.0,
    "temp_coeff": 0.02
  },
  "NASA_B0005": {
    "battery_id": "NASA_B0005",
    "r0_ohm": 0.04466870036616091,
    "r1_ohm": 0.06945627304536996,
    "c1_farad": 809.0911646826117,
    "tau_s": 56.19645685279187,
    "rated_capacity_ah": 2.0,
    "ocv_coeffs": [
      141.66600925608557,
      -444.14976696874584,
      535.5223060207534,
      -307.90804629434047,
      83.89241704254573,
      -8.258330864367272,
      3.3532821658473164
    ],
    "ocv_degree": 6,
    "r0_initial": 0.04466870036616091,
    "r0_slope": 0.00011268779044665392,
    "r1_initial": 0.06945627304536996,
    "r1_slope": 0.0001472521152778041,
    "capacity_initial": 1.8564874208181574,
    "capacity_slope": -0.0038666144884018845,
    "temp_ref_c": 24.0,
    "temp_coeff": 0.02
  },
  "NASA_B0006": {
    "battery_id": "NASA_B0006",
    "r0_ohm": 0.06123359021000344,
    "r1_ohm": 0.0785415394665875,
    "c1_farad": 715.4998136584592,
    "tau_s": 56.19645685279187,
    "rated_capacity_ah": 2.0,
    "ocv_coeffs": [
      -51.02085189086246,
      188.14014550800866,
      -268.5491580929997,
      187.84175640097894,
      -66.45029036527181,
      11.343124614743422,
      2.71784751637439
    ],
    "ocv_degree": 6,
    "r0_initial": 0.06123359021000344,
    "r0_slope": 0.0001245238376436659,
    "r1_initial": 0.0785415394665875,
    "r1_slope": 0.00019404087286530437,
    "capacity_initial": 2.035337591005598,
    "capacity_slope": -0.0050866150698991135,
    "temp_ref_c": 24.0,
    "temp_coeff": 0.02
  },
  "NASA_B0007": {
    "battery_id": "NASA_B0007",
    "r0_ohm": 0.03816813609946085,
    "r1_ohm": 0.06158094574229446,
    "c1_farad": 912.5624196803385,
    "tau_s": 56.19645685279187,
    "rated_capacity_ah": 2.0,
    "ocv_coeffs": [
      133.7889621223086,
      -401.60805730562186,
      453.3425827545996,
      -233.25697125411676,
      50.364464762339054,
      -1.379925489025916,
      2.8915138966117824
    ],
    "ocv_degree": 6,
    "r0_initial": 0.03816813609946085,
    "r0_slope": 0.00018288035755771305,
    "r1_initial": 0.06158094574229446,
    "r1_slope": 0.0002077980318713432,
    "capacity_initial": 1.89105229539079,
    "capacity_slope": -0.003269481077146005,
    "temp_ref_c": 24.0,
    "temp_coeff": 0.02
  },
  "NASA_B0018": {
    "battery_id": "NASA_B0018",
    "r0_ohm": 0.06515815158455215,
    "r1_ohm": 0.09555369570022001,
    "c1_farad": 491.08242327303753,
    "tau_s": 46.92474043715847,
    "rated_capacity_ah": 2.0,
    "ocv_coeffs": [
      14.814701042310052,
      -23.846190536623382,
      -6.914887452404371,
      34.0088848037054,
      -23.363132343776552,
      6.540180302908024,
      2.784242488945261
    ],
    "ocv_degree": 6,
    "r0_initial": 0.06515815158455215,
    "r0_slope": 3.744523372031687e-05,
    "r1_initial": 0.09555369570022001,
    "r1_slope": 1.9725238485300168e-05,
    "capacity_initial": 1.8550045207910817,
    "capacity_slope": -0.003926143770029239,
    "temp_ref_c": 24.0,
    "temp_coeff": 0.02
  }
}