{
  "rf_NASA_B0005": {
    "feature_importance": [
      0.003382100181297606,
      1.1645893471178656e-05,
      0.0011285687845654128,
      6.879794738086394e-06,
      8.708521183119056e-06,
      0.00016732553725577412,
      0.00022570412536740728,
      6.266141752632698e-05,
      0.9946807576544916,
      9.715551140083229e-06,
      0.00022841414480183317,
      4.5598013218720355e-05,
      1.5825748233212065e-05,
      2.609463271156857e-05
    ],
    "feature_names": [
      "cycle_index",
      "internal_resistance_ohm",
      "discharge_duration_s",
      "capacity_fade_rate",
      "resistance_increase_rate",
      "voltage_slope",
      "capacity_rolling_std",
      "resistance_rolling_mean",
      "capacity_normalized",
      "resistance_normalized",
      "charge_transfer_resistance_ohm",
      "max_temp_c",
      "mean_temp_c",
      "temp_rise"
    ],
    "base_value": 1.707303949208948
  },
  "linear_NASA_B0005": {
    "feature_importance": [
      0.3967891351578387,
      5.158932691224724e-05,
      2.320522113356878,
      9.729310714684037e-06,
      3.025059900845861e-07,
      6.319812810886934e-07,
      7.278725886173535e-06,
      3.733589660023702e-05,
      0.018406851574580874,
      0.0028947833991717522,
      0.00015669760653200457,
      0.0028696274720707827,
      0.0011471286810381817,
      0.002869627472060292
    ],
    "feature_names": [
      "cycle_index",
      "internal_resistance_ohm",
      "discharge_duration_s",
      "capacity_fade_rate",
      "resistance_increase_rate",
      "voltage_slope",
      "capacity_rolling_std",
      "resistance_rolling_mean",
      "capacity_normalized",
      "resistance_normalized",
      "charge_transfer_resistance_ohm",
      "max_temp_c",
      "mean_temp_c",
      "temp_rise"
    ],
    "coefficients": [
      -0.00853027944373522,
      -0.0033081781054611855,
      0.009651667343763657,
      0.0004976248677862707,
      -0.00024619473759650973,
      -0.0011123600002276382,
      0.0006496204977100864,
      0.002394935294822103,
      0.18264395321778498,
      0.009291789980294615,
      -0.007712881374228694,
      -0.0018818779210658012,
      0.0011511532948425753,
      -0.0018818779210589213
    ]
  },
  "rf_NASA_B0006": {
    "feature_importance": [
      0.00016617922340823887,
      3.30036560595607e-06,
      4.679033675140474e-05,
      5.270640415964107e-06,
      5.837147330247695e-06,
      5.301407588515284e-05,
      7.014175986643183e-06,
      4.581951365137675e-06,
      0.9996885263191472,
      2.3414632322200557e-06,
      3.90635057593497e-06,
      1.7614326854378433e-06,
      3.8052689422679695e-06,
      7.671248668518212e-06
    ],
    "feature_names": [
      "cycle_index",
      "internal_resistance_ohm",
      "discharge_duration_s",
      "capacity_fade_rate",
      "resistance_increase_rate",
      "voltage_slope",
      "capacity_rolling_std",
      "resistance_rolling_mean",
      "capacity_normalized",
      "resistance_normalized",
      "charge_transfer_resistance_ohm",
      "max_temp_c",
      "mean_temp_c",
      "temp_rise"
    ],
    "base_value": 1.6919159137895583
  },
  "linear_NASA_B0006": {
    "feature_importance": [
      0.4262351558934613,
      6.651181410906898e-05,
      1.7817939550550876,
      7.779973191523886e-06,
      1.636017372783056e-07,
      3.8020907162796615e-07,
      2.8112252687005628e-06,
      2.1406184204626932e-05,
      0.01366992762433431,
      0.0023465179083707113,
      1.5375597624757926e-05,
      0.0002689786583369846,
      0.002186843947019244,
      0.00026897865835197256
    ],
    "feature_names": [
      "cycle_index",
      "internal_resistance_ohm",
      "discharge_duration_s",
      "capacity_fade_rate",
      "resistance_increase_rate",
      "voltage_slope",
      "capacity_rolling_std",
      "resistance_rolling_mean",
      "capacity_normalized",
      "resistance_normalized",
      "charge_transfer_resistance_ohm",
      "max_temp_c",
      "mean_temp_c",
      "temp_rise"
    ],
    "coefficients": [
      -0.009163317909571651,
      -0.0050344665814930495,
      0.007410953953135576,
      0.0004902470369051708,
      -0.00011539232150628493,
      0.0006922453628835079,
      0.000324431159515021,
      -0.0016200282890772581,
      0.15694210416266444,
      0.0073481300038842155,
      0.0008530626290945617,
      -0.00018704634314397036,
      -0.0024033576425389947,
      -0.0001870463431543929
    ]
  },
  "rf_NASA_B0007": {
    "feature_importance": [
      0.00045136660915233445,
      4.172225616674118e-05,
      0.0009013870638586116,
      1.046046803609906e-05,
      6.931307810214738e-06,
      0.00027681680295942637,
      8.276691896157752e-05,
      7.981910157834493e-05,
      0.9978756076581025,
      1.1139041970916923e-05,
      0.00014845753158952493,
      2.583210929913609e-05,
      2.3967238891950807e-05,
      6.372589162123164e-05
    ],
    "feature_names": [
      "cycle_index",
      "internal_resistance_ohm",
      "discharge_duration_s",
      "capacity_fade_rate",
      "resistance_increase_rate",
      "voltage_slope",
      "capacity_rolling_std",
      "resistance_rolling_mean",
      "capacity_normalized",
      "resistance_normalized",
      "charge_transfer_resistance_ohm",
      "max_temp_c",
      "mean_temp_c",
      "temp_rise"
    ],
    "base_value": 1.755557528920803
  },
  "linear_NASA_B0007": {
    "feature_importance": [
      0.42137566703456036,
      5.333869519600874e-05,
      2.3011457407598055,
      9.06567761590684e-06,
      1.2479268956974266e-07,
      4.2138570200156533e-07,
      1.2182836458576255e-05,
      2.6337330038405702e-05,
      0.019152941758761085,
      0.0017384555399801646,
      5.97703383358954e-05,
      0.003700018419963739,
      0.00209061552095169,
      0.00370001841996348
    ],
    "feature_names": [
      "cycle_index",
      "internal_resistance_ohm",
      "discharge_duration_s",
      "capacity_fade_rate",
      "resistance_increase_rate",
      "voltage_slope",
      "capacity_rolling_std",
      "resistance_rolling_mean",
      "capacity_normalized",
      "resistance_normalized",
      "charge_transfer_resistance_ohm",
      "max_temp_c",
      "mean_temp_c",
      "temp_rise"
    ],
    "coefficients": [
      -0.009058847312352165,
      -0.0036541356556377474,
      0.009571075867578487,
      0.0004593928276871346,
      -0.00011049537225668567,
      -0.0007690577425523724,
      0.0011149035441348507,
      0.0018094191300749348,
      0.18594399736802203,
      0.0066451791568550855,
      -0.0030974183450301392,
      -0.0025215346370781235,
      0.0019432375356386456,
      -0.002521534637077947
    ]
  },
  "rf_NASA_B0018": {
    "feature_importance": [
      0.0004985497338622027,
      2.094213466931517e-05,
      0.0006119569960993126,
      3.2566199800639268e-06,
      9.227219152164511e-06,
      0.00434803333110945,
      9.602667556869728e-05,
      4.3781967916335806e-05,
      0.9941063342525034,
      9.873307906492295e-06,
      0.00017783686576938772,
      2.821093118868201e-05,
      1.0657191680185977e-05,
      3.531277259514759e-05
    ],
    "feature_names": [
      "cycle_index",
      "internal_resistance_ohm",
      "discharge_duration_s",
      "capacity_fade_rate",
      "resistance_increase_rate",
      "voltage_slope",
      "capacity_rolling_std",
      "resistance_rolling_mean",
      "capacity_normalized",
      "resistance_normalized",
      "charge_transfer_resistance_ohm",
      "max_temp_c",
      "mean_temp_c",
      "temp_rise"
    ],
    "base_value": 1.6103522911604014
  },