{
  "linear_NASA_B0005": {
    "rmse": 0.005887775089001748,
    "mae": 0.004746767814298513,
    "r2": 0.9990381594385248,
    "mape": 0.29636380042556015
  },
  "rf_NASA_B0005": {
    "rmse": 0.010546521152956342,
    "mae": 0.004542298865105182,
    "r2": 0.99691383515223,
    "mape": 0.3353466898253229
  },
  "transformer_NASA_B0005": {
    "rmse": 0.04057509805602415,
    "mae": 0.031151191810331394,
    "r2": 0.9493745837013949,
    "mape": 2.012980870511959
  },
  "pinn_NASA_B0005": {
    "rmse": 0.0316676885432308,
    "mae": 0.027333598676871292,
    "r2": 0.9721751139800163,
    "mape": 1.7190178308359456
  },
  "ens_weighted_NASA_B0005": {
    "rmse": 0.00674925919400803,
    "mae": 0.005222548034787788,
    "r2": 0.9987360995229777,
    "mape": 0.33337426927635405
  },
  "ens_stacking_NASA_B0005": {
    "rmse": 0.013972207485358953,
    "mae": 0.010794262055856445,
    "r2": 0.9945833507198995,
    "mape": 0.6857430572840627
  },
  "ens_lifecycle_NASA_B0005": {
    "rmse": 0.014487256663302623,
    "mae": 0.011557836078839867,
    "r2": 0.9941766489324319,
    "mape": 0.7343292498698104
  },
  "ens_physics_constrained_NASA_B0005": {
    "rmse": 0.012926287855568885,
    "mae": 0.008924225011150077,
    "r2": 0.9953639478764628,
    "mape": 0.5674764953282928
  },
  "linear_NASA_B0006": {
    "rmse": 0.006732524191638115,
    "mae": 0.005128469850903007,
    "r2": 0.9992821781804291,
    "mape": 0.3045238601916285
  },
  "rf_NASA_B0006": {
    "rmse": 0.048214811012668064,
    "mae": 0.024484907848691544,
    "r2": 0.963185259142716,
    "mape": 1.6695884685428957
  },
  "transformer_NASA_B0006": {
    "rmse": 0.06953138469065243,
    "mae": 0.05265001502717612,
    "r2": 0.9021699470357857,
    "mape": 3.37140394775259
  },
  "pinn_NASA_B0006": {
    "rmse": 0.05277752632557231,
    "mae": 0.044092346045207745,
    "r2": 0.9558877843107589,
    "mape": 2.774578954073891
  },
  "ens_weighted_NASA_B0006": {
    "rmse": 0.016072778495100873,
    "mae": 0.011293581927036412,
    "r2": 0.9959088751863081,
    "mape": 0.6883449409614913
  },
  "ens_stacking_NASA_B0006": {
    "rmse": 0.017718762193875866,
    "mae": 0.013514634009546923,
    "r2": 0.9950280406519963,
    "mape": 0.877930019365053
  },
  "ens_lifecycle_NASA_B0006": {
    "rmse": 0.03950100969988347,
    "mae": 0.027948727708675854,
    "r2": 0.9752897463160167,
    "mape": 1.7751718168447697
  },
  "ens_physics_constrained_NASA_B0006": {
    "rmse": 0.023065229970039878,
    "mae": 0.015844987628886247,
    "r2": 0.9915748743156381,
    "mape": 0.9773855815348519
  },
  "linear_NASA_B0007": {
    "rmse": 0.006380767888537957,
    "mae": 0.005992185552067252,
    "r2": 0.9984189161613316,
    "mape": 0.3700214921736433
  },
  "rf_NASA_B0007": {
    "rmse": 0.0026686516527649434,
    "mae": 0.0015318611858188506,
    "r2": 0.9997234378253385,
    "mape": 0.08906956316727158
  },
  "transformer_NASA_B0007": {
    "rmse": 0.13604176650963837,
    "mae": 0.11338542365863019,
    "r2": 0.181789916003264,
    "mape": 7.057035726704748
  },
  "pinn_NASA_B0007": {
    "rmse": 0.09894124951132363,
    "mae": 0.09590796167482486,
    "r2": 0.6198423034831806,
    "mape": 5.880036265806072
  },
  "ens_weighted_NASA_B0007": {
    "rmse": 0.005269297418593302,
    "mae": 0.004908578440491658,
    "r2": 0.9989217625027274,
    "mape": 0.3023574096985992
  },
  "ens_stacking_NASA_B0007": {
    "rmse": 0.01711627206001601,
    "mae": 0.013976957334804974,
    "r2": 0.988623010222145,
    "mape": 0.8475814075493807
  },
  "ens_lifecycle_NASA_B0007": {
    "rmse": 0.05561033532969253,
    "mae": 0.050806992087838065,
    "r2": 0.8799063529543653,
    "mape": 3.107405710713007
  },
  "ens_physics_constrained_NASA_B0007": {
    "rmse": 0.01048111839648828,
    "mae": 0.007447452045592044,
    "r2": 0.9957339665166233,
    "mape": 0.45436641864495003
  },
  "linear_NASA_B0018": {
    "rmse": 0.00441182679601098,
    "mae": 0.0036418308696706107,
    "r2": 0.9991824336564935,
    "mape": 0.23389284939079685
  },
  "rf_NASA_B0018": {
    "rmse": 0.011872228337991305,
    "mae": 0.006735225597125423,
    "r2": 0.9940796064337678,
    "mape": 0.48026716942237224
  },
  "transformer_NASA_B0018": {
    "rmse": 0.04239393852467842,
    "mae": 0.03392639186888629,
    "r2": 0.8944318300492711,
    "mape": 2.2278045996151348
  },
  "pinn_NASA_B0018": {
    "rmse": 0.11049664211738522,
    "mae": 0.10341327673363748,
    "r2": 0.48715720629778037,
    "mape": 6.73322473057537
  },
  "ens_weighted_NASA_B0018": {
    "rmse": 0.006682145043734076,
    "mae": 0.0056188228264042765,
    "r2": 0.9981244964394094,
    "mape": 0.3732138540906554
  },
  "ens_stacking_NASA_B0018": {
    "rmse": 0.0191307942633305,
    "mae": 0.016347643496506185,
    "r2": 0.984627231083601,
    "mape": 1.039655909508947
  },
  "ens_lifecycle_NASA_B0018": {
    "rmse": 0.026135021490725732,
    "mae": 0.02257170790704801,
    "r2": 0.971309916016355,
    "mape": 1.4311060811803709
  },
  "ens_physics_constrained_NASA_B0018": {
    "rmse": 0.015915633757253047,
    "mae": 0.010352462212905877,
    "r2": 0.9893601876126844,
    "mape": 0.6735385860199277
  },
  "linear_CALCE_CS2_35": {
    "rmse": 0.0009683451271812389,
    "mae": 0.0005346502920447215,
    "r2": 0.9999653147683348,
    "mape": 0.04722511016161989
  },
  "rf_CALCE_CS2_35": {
    "rmse": 0.13296270828425127,
    "mae": 0.029481012410528803,
    "r2": 0.3460508769762458,
    "mape": 1.7685400101670592
  },
  "transformer_CALCE_CS2_35": {
    "rmse": 0.2004460857490111,
    "mae": 0.072796481429356,
    "r2": -0.05843672969892455,
    "mape": 5.175158055066372
  },
  "pinn_CALCE_CS2_35": {
    "rmse": 0.1438243162209416,
    "mae": 0.04305953214279476,
    "r2": 0.23484593037727552,
    "mape": 3.043597566910506
  },
  "ens_weighted_CALCE_CS2_35": {
    "rmse": 0.003444816218115037,
    "mae": 0.0011495186696750025,
    "r2": 0.9995610486683989,
    "mape": 0.0850060058804298
  },
  "ens_stacking_CALCE_CS2_35": {
    "rmse": 0.06625768769635476,
    "mae": 0.025175450046901134,
    "r2": 0.8376109251413723,
    "mape": 1.9518597348876163
  },
  "ens_lifecycle_CALCE_CS2_35": {
    "rmse": 0.12418091085423989,
    "mae": 0.033064027715554174,
    "r2": 0.4295810581953795,
    "mape": 2.2015069901550373
  },
  "ens_physics_constrained_CALCE_CS2_35": {
    "rmse": 0.15713101126977155,
    "mae": 0.04047845911132475,
    "r2": 0.08671133472851567,
    "mape": 2.6333546222490645
  },
  "linear_CALCE_CS2_36": {
    "rmse": 0.0020716845393573525,
    "mae": 0.0013636506971961891,
    "r2": 0.9849532690205272,
    "mape": 0.13185706969925437
  },
  "rf_CALCE_CS2_36": {
    "rmse": 0.04020906839992198,
    "mae": 0.012593200219170018,
    "r2": -4.668170800654309,
    "mape": 1.1816945484508983
  },
  "transformer_CALCE_CS2_36": {
    "rmse": 0.05110448348956153,
    "mae": 0.04419513927979837,
    "r2": -6.2910230189211065,
    "mape": 4.327832439120264
  },
  "pinn_CALCE_CS2_36": {
    "rmse": 0.019430742373706178,
    "mae": 0.017621991472520956,
    "r2": -0.3236516141105388,
    "mape": 1.7099303882112626
  },
  "ens_weighted_CALCE_CS2_36": {
    "rmse": 0.0029601658513404047,
    "mae": 0.0019724017804823983,
    "r2": 0.9692795908995844,
    "mape": 0.1904912109168272
  },
  "ens_stacking_CALCE_CS2_36": {
    "rmse": 0.01494375458450847,
    "mae": 0.010039356189850412,
    "r2": 0.21708545818934066,
    "mape": 0.9694586846900219
  },
  "ens_lifecycle_CALCE_CS2_36": {
    "rmse": 0.007570656432692476,
    "mae": 0.00642029922735991,
    "r2": 0.7990620432689667,
    "mape": 0.6240521636932143
  },
  "ens_physics_constrained_CALCE_CS2_36": {
    "rmse": 0.010528218217726298,
    "mae": 0.005993242939242111,
    "r2": 0.611398330360682,
    "mape": 0.573635792175148
  },
  "linear_CALCE_CS2_37": {
    "rmse": 0.000931764587160332,
    "mae": 0.000595142966534878,
    "r2": 0.998662862972843,
    "mape": 0.06130158732662273
  },