{
  "weighted": {
    "model_weights": {
      "linear": 0.7331231200873134,
      "rf": 0.1023703927853252,
      "transformer": 0.07098620519922712,
      "pinn": 0.0935202819281343
    }
  },
  "stacking": {
    "model_weights": {
      "linear": 0.31921762522176483,
      "rf": 0.24092055113840352,
      "transformer": 0.20169846485971218,
      "pinn": 0.23816335878011935
    },
    "ridge_coefs": [
      0.3473935540083691,
      0.26218554328095606,
      0.219501496814187,
      0.25918498574042664
    ],
    "ridge_intercept": -0.1277070271968197
  },
  "lifecycle": {
    "phase_weights": {
      "early": {
        "linear": 0.18238210471465718,
        "rf": 0.1730524255268961,
        "transformer": 0.17033516040611943,
        "pinn": 0.4742303093523274
      },
      "mid": {
        "linear": 0.20723706222637334,
        "rf": 0.2704563593990955,
        "transformer": 0.2066096485863611,
        "pinn": 0.3156969297881701
      },
      "late": {
        "linear": 0.16328368888399497,
        "rf": 0.38383776138555403,
        "transformer": 0.2852770362507795,
        "pinn": 0.16760151347967145
      }
    },
    "early_threshold": 0.95,
    "late_threshold": 0.8,
    "phase_counts": {
      "early": 22,
      "mid": 40,
      "late": 106
    }
  },
  "physics_constrained": {
    "avg_pinn_confidence": 0.6361936926841736,
    "avg_weights": {
      "linear": 0.6586154068397219,
      "rf": 0.08877879782540234,
      "transformer": 0.053868003841052135,
      "pinn": 0.19873779149382362
    }
  }
}