{
  "weighted": {
    "model_weights": {
      "linear": 0.94678893349681,
      "rf": 0.03331505433044054,
      "transformer": 0.007572031951167399,
      "pinn": 0.012323980221582062
    }
  },
  "stacking": {
    "model_weights": {
      "linear": 0.5183923705272006,
      "rf": 0.40049936169515515,
      "transformer": 0.0033633315888196044,
      "pinn": 0.0777449361888248
    },
    "ridge_coefs": [
      0.22444664975146103,
      0.17340289917588503,
      0.0014562106813919803,
      0.033660970829830626
    ],
    "ridge_intercept": 0.5686173514158812
  },
  "lifecycle": {
    "phase_weights": {
      "early": {
        "linear": 0.18452781160982057,
        "rf": 0.17938666227814554,
        "transformer": 0.1724294253341625,
        "pinn": 0.4636561007778715
      },
      "mid": {
        "linear": 0.2108525367161677,
        "rf": 0.257736213305227,
        "transformer": 0.19844183829452963,
        "pinn": 0.33296941168407573
      },
      "late": {
        "linear": 0.18615992580644097,
        "rf": 0.3544792503216215,
        "transformer": 0.25915966225759024,
        "pinn": 0.2002011616143473
      }
    },
    "early_threshold": 0.95,
    "late_threshold": 0.8,
    "phase_counts": {
      "early": 5,
      "mid": 47,
      "late": 1
    }
  },
  "physics_constrained": {
    "avg_pinn_confidence": 0.8833653926849365,
    "avg_weights": {
      "linear": 0.9251461610672471,
      "rf": 0.03183809863106275,
      "transformer": 0.0067456124943328045,
      "pinn": 0.03627012780735725
    }
  }
}