{
  "weighted": {
    "model_weights": {
      "linear": 0.834251049840133,
      "rf": 0.04298296555161664,
      "transformer": 0.033819048425554735,
      "pinn": 0.08894693618269565
    }
  },
  "stacking": {
    "model_weights": {
      "linear": 0.2213569541493613,
      "rf": 0.573202856313432,
      "transformer": 0.07052905161141608,
      "pinn": 0.13491113792579065
    },
    "ridge_coefs": [
      0.013355530952040855,
      0.034584088485996894,
      -0.004255357304829776,
      0.008139838593582983
    ],
    "ridge_intercept": 0.9719523829099047
  },
  "lifecycle": {
    "phase_weights": {
      "early": {
        "linear": 0.1844102792143732,
        "rf": 0.1774601209654182,
        "transformer": 0.1715249208755225,
        "pinn": 0.46660467894468616
      },
      "mid": {
        "linear": 0.20343028258520948,
        "rf": 0.22856937612545616,
        "transformer": 0.18756954677012333,
        "pinn": 0.3804307945192111
      }
    },
    "early_threshold": 0.95,
    "late_threshold": 0.8,
    "phase_counts": {
      "early": 4,
      "mid": 47,
      "late": 0
    }
  },
  "physics_constrained": {
    "avg_pinn_confidence": 0.8843138217926025,
    "avg_weights": {
      "linear": 0.7385638953908326,
      "rf": 0.03642623404281951,
      "transformer": 0.028924360277874327,
      "pinn": 0.19608551028847357
    }
  }
}