{
  "weighted": {
    "model_weights": {
      "linear": 0.5292968822333953,
      "rf": 0.2954890008471192,
      "transformer": 0.07680526103959448,
      "pinn": 0.09840885587989105
    }
  },
  "stacking": {
    "model_weights": {
      "linear": 0.27140150548141445,
      "rf": 0.2760117820948603,
      "transformer": 0.23458609041625986,
      "pinn": 0.2180006220074655
    },
    "ridge_coefs": [
      0.25602618289133294,
      0.2603752800760372,
      0.22129641905316927,
      0.20565054354250747
    ],
    "ridge_intercept": 0.09130135711748633
  },
  "lifecycle": {
    "phase_weights": {
      "mid": {
        "linear": 0.2086970380403856,
        "rf": 0.27372216037623964,
        "transformer": 0.20751256116792705,
        "pinn": 0.3100682404154477
      },
      "late": {
        "linear": 0.1663008501573671,
        "rf": 0.3800764630579548,
        "transformer": 0.2818878064502938,
        "pinn": 0.1717348803343843
      }
    },
    "early_threshold": 0.95,
    "late_threshold": 0.8,
    "phase_counts": {
      "early": 0,
      "mid": 75,
      "late": 93
    }
  },
  "physics_constrained": {
    "avg_pinn_confidence": 0.4826643466949463,
    "avg_weights": {
      "linear": 0.47521131548210704,
      "rf": 0.27631037329333336,
      "transformer": 0.06967851743884278,
      "pinn": 0.17879979378571692
    }
  }
}