{
  "weighted": {
    "model_weights": {
      "linear": 0.2855183676801569,
      "rf": 0.6826767480850324,
      "transformer": 0.013391669917431166,
      "pinn": 0.01841321431737947
    }
  },
  "stacking": {
    "model_weights": {
      "linear": 0.3036190065490271,
      "rf": 0.30141793686888785,
      "transformer": 0.1402720942971689,
      "pinn": 0.25469096228491617
    },
    "ridge_coefs": [
      0.2822747848315186,
      0.28022844894028986,
      0.13041105590076474,
      0.2367863507448048
    ],
    "ridge_intercept": 0.15334191648752227
  },
  "lifecycle": {
    "phase_weights": {
      "mid": {
        "linear": 0.2054093803041005,
        "rf": 0.26585049295188257,
        "transformer": 0.20522055632389105,
        "pinn": 0.3235195704201259
      },
      "late": {
        "linear": 0.17552061450619316,
        "rf": 0.3684091644154702,
        "transformer": 0.27144427495463846,
        "pinn": 0.18462594612369812
      }
    },
    "early_threshold": 0.95,
    "late_threshold": 0.8,
    "phase_counts": {
      "early": 0,
      "mid": 89,
      "late": 79
    }
  },
  "physics_constrained": {
    "avg_pinn_confidence": 0.5637284517288208,
    "avg_weights": {
      "linear": 0.286434566594449,
      "rf": 0.6715492749152846,
      "transformer": 0.010513408755539291,
      "pinn": 0.031502749734727074
    }
  }
}