{
  "weighted": {
    "model_weights": {
      "linear": 0.8819095415096837,
      "rf": 0.058820668316770186,
      "transformer": 0.02472471928735843,
      "pinn": 0.034545070886187676
    }
  },
  "stacking": {
    "model_weights": {
      "linear": 0.37842454889623905,
      "rf": 0.42689313121462197,
      "transformer": 0.06569302765488824,
      "pinn": 0.12898929223425065
    },
    "ridge_coefs": [
      0.031769571730854165,
      0.03583861563180596,
      0.005515073904127736,
      0.010828934285845596
    ],
    "ridge_intercept": 0.9092826632026365
  },
  "lifecycle": {
    "phase_weights": {
      "early": {
        "linear": 0.19326974535619326,
        "rf": 0.1995988333381079,
        "transformer": 0.1781645439909573,
        "pinn": 0.42896687731474153
      },
      "mid": {
        "linear": 0.21063419449751916,
        "rf": 0.2573511778350977,
        "transformer": 0.19835849166878924,
        "pinn": 0.3336561359985939
      },
      "late": {
        "linear": 0.19473452237627506,
        "rf": 0.3413789085877161,
        "transformer": 0.24832219310572054,
        "pinn": 0.21556437593028846
      }
    },
    "early_threshold": 0.95,
    "late_threshold": 0.8,
    "phase_counts": {
      "early": 4,
      "mid": 49,
      "late": 1
    }
  },
  "physics_constrained": {
    "avg_pinn_confidence": 0.7406954169273376,
    "avg_weights": {
      "linear": 0.8337930016441456,
      "rf": 0.054205832927119654,
      "transformer": 0.02497442797919671,
      "pinn": 0.08702673744953807
    }
  }
}