{
  "weighted": {
    "model_weights": {
      "linear": 0.6598031153239041,
      "rf": 0.24518877007802162,
      "transformer": 0.06866399220216363,
      "pinn": 0.02634412239591057
    }
  },
  "stacking": {
    "model_weights": {
      "linear": 0.2831328715716371,
      "rf": 0.2907687513333542,
      "transformer": 0.22367056201951502,
      "pinn": 0.2024278150754937
    },
    "ridge_coefs": [
      0.2557811391327187,
      0.26267936332297603,
      0.20206311907987606,
      0.18287250379918057
    ],
    "ridge_intercept": 0.13419110912337873
  },
  "lifecycle": {
    "phase_weights": {
      "mid": {
        "linear": 0.2076628693535004,
        "rf": 0.29439110524331336,
        "transformer": 0.21836411794490646,
        "pinn": 0.2795819074582798
      },
      "late": {
        "linear": 0.16716541175690097,
        "rf": 0.37914714234802716,
        "transformer": 0.2809908652955631,
        "pinn": 0.1726965805995088
      }
    },
    "early_threshold": 0.95,
    "late_threshold": 0.8,
    "phase_counts": {
      "early": 0,
      "mid": 57,
      "late": 75
    }
  },
  "physics_constrained": {
    "avg_pinn_confidence": 0.4779691994190216,
    "avg_weights": {
      "linear": 0.6513194950255541,
      "rf": 0.23547650296827785,
      "transformer": 0.06654460873059366,
      "pinn": 0.046659393275574335
    }
  }
}