{
  "weighted": {
    "model_weights": {
      "linear": 0.9815020083763337,
      "rf": 0.00714811468113271,
      "transformer": 0.004741587662230073,
      "pinn": 0.006608289280303452
    }
  },
  "stacking": {
    "model_weights": {
      "linear": 0.7321443090455125,
      "rf": 0.15264100784255083,
      "transformer": 0.013554250827248995,
      "pinn": 0.10166043228468766
    },
    "ridge_coefs": [
      0.5635037792349429,
      0.11748200965687086,
      0.010432194133709185,
      0.07824418913501163
    ],
    "ridge_intercept": 0.24577746777936094
  },
  "lifecycle": {
    "phase_weights": {
      "early": {
        "linear": 0.15000005869507305,
        "rf": 0.10000012661626251,
        "transformer": 0.15000003396059472,
        "pinn": 0.5999997807280697
      },
      "mid": {
        "linear": 0.20434817027389823,
        "rf": 0.23431529938642334,
        "transformer": 0.18998356455626253,
        "pinn": 0.37135296578341587
      },
      "late": {
        "linear": 0.1944280647712328,
        "rf": 0.34188098659423327,
        "transformer": 0.24872646091150027,
        "pinn": 0.21496448772303364
      }
    },
    "early_threshold": 0.95,
    "late_threshold": 0.8,
    "phase_counts": {
      "early": 2,
      "mid": 49,
      "late": 1
    }
  },
  "physics_constrained": {
    "avg_pinn_confidence": 0.8615847826004028,
    "avg_weights": {
      "linear": 0.9697900561395417,
      "rf": 0.00721363671600849,
      "transformer": 0.004233111397938848,
      "pinn": 0.018763195746510895
    }
  }
}